SongID,SongTitle,KeyName,Arranger,AsSungBy,LT_Provider,SongStyle,SongLength,Difficulty,Genre,Tempo,StartingWords
109,(I`m Afraid) The Masquerade Is Over,E,Ed Waesche,Acoustix,--,Ballad,03:40,,,Ballad,My blue horizon is turning grey ...
525,(I've Got a Gal in) Kalamazoo,Bb,Greg Volk,--,Randy Rogers,,02:29,,,,Listen very closely and you will see …
391,(Let's Start) Tomorrow Tonight,C,Larry Triplett,Zero Hour,Drew Wheaton,Uptune,03:05,,,Uptune,"I can feel it tonight, gonna hold you so tight;"
38,(Love Is) The Tender Trap,Ab,Boston Common,--,--,Uptune,03:12,4,,Uptune,"Those eyes, those sighs,I'm tellin' no lies ..."
1,(Now and Then There's) A Fool Such As I,D,Aaron Dale,OC Times,Tim Waurick,Uptune,02:26,4,Popular,Medium Swing,Pardon me if I'm sentimental when you say …
469,(Now and Then There's) A Fool Such As I,Eb,Aaron Dale,OC Times,Aaron Dale,Uptune,02:26,4,Popular,Medium Swing,Pardon me if I'm sentimental when you say …
265,(When It`s) Darkness On the Delta,F,SPEBSQSA,Bluegrass Student Union,Tim Waurick,Uptune,01:14,1,,Uptune,When it`s darkness on the delta ...
365,(You Make Me) Smile,E,Steve Tramack,--,Shawn Thomas,Uptune,03:26,,,Uptune,Bah doo dah doh dah doh ... You're better than ...
405,A Chocolate Sundae (On a Saturday Night),G,Jeremy Johnson,--,--,--,03:13,,,,It's been a lovely night ...
300,A Hard Day's Night,F,Liz Garnett,--,Peter Nugent,Uptune,02:16,,,Uptune,It's Been A Hard Days Night and I've …
2,A Little Patch of Heaven,A,Aaron Dale,Crossroads,Tim Waurick,Uptune,03:49,4,Disney,Uptune Swing,Oo Dar-lin' I've been dreamin' of a land …
410,A Little Street Where Old Friends Meet,F,Sam Breedon,Suntones,Tim Waurick,--,02:17,,,,"Home-sick, heart-sick, nothing seems real …"
470,A Little Street Where Old Friends Meet,G,Sam Breedon,Suntones,Tim Waurick,,02:17,,,,"Home-sick, heart-sick, nothing seems real …"
341,A Song Like Daddy Used To Play,Gb,Brian Beck,Dealer's Choice,Tim Waurick,Medium,02:31,,,Medium,When I hear that
251,A Sunday Kind of Love,G,Adam Reimnitz,Rounders,Tim Waurick,Medium,03:56,3,,Medium,I want a Sunday kind o' love ...
3,A Wink and a Smile,C,Kim Brittain,AHB,Tim Waurick,Medium,02:15,2,Standard,Medium,When you're blue and oh so lonely …
473,Ac-Cen-Tchu-ate the Positive,Bb,Nathan Johnston,Double Date,Double Date,,,,Movie,,
4,After You've Gone,Bb,Alan Siegal,AHB,Tim Waurick,Uptune,02:22,,,Uptune,Now won’t you listen honey while I say …
5,Ain't Misbehavin',Eb,Ed Waesche/Earl Moon,--,Tim Brooks,Medium,02:43,,,Medium,Any time I’m feeling lonely ...
487,Ain't That a Kick in the Head,F,Rich Hasty,City Lights,Tim Waurick,,02:42,,,,"How lucky can one guy be? I kissed her, and …"
6,Ain't We Got Fun,Bb,Robert Meyer,--,--,Uptune,,2,Barbershop Classics,Medium,We sing away our troubles and we have a lot ...
314,All I Do is Dream of You,C,David Wallace,--,Gary Lewis,Medium,02:53,,,Medium,Ba dm dm dm ... De oo ee oo ee oo ...
8,All of Me ,C,Scott Kitzmiller,Realtime,Simon Rylander,Uptune,02:08,4,Standard,Uptune,You took my kisses and you took my love …
444,All of Me,Db,Scott Kitzmiller,Realtime,Drew Wheaton,Uptune,02:05,4,Standard,Uptune,"You took my kisses, and you took my love …"
328,All the Pretty Little Horses,Eb,Mark Hale,Michigan Jake,Sonny Vande Putte,Ballad,02:03,,,Ballad,Doo doo doo ... hushabye don't you cry
9,All The Things You Are,G,Walter Latzko,Bluegrass Student Union,--,Ballad,03:28,,,Ballad,Time and again I've longed for adventure …
315,All the Things You Are,G,Scott Kitzmiller,Instant Classic,Kohl Kitzmiller,Medium,03:10,,,Medium,Time and Again I've Longed for Adventure ...
11,All the Way,Eb,Tom Gentry,Flipside,Tim Waurick,Ballad,04:20,,,Ballad,"How do I love thee, let me count the ways. …"
12,Almost Like Being In Love ,Bb,Eric King,Riptide,Tim Waurick,Uptune,01:33,2,Musical,Uptempo,"What a day this has been, what a rare mood …"
380,Almost Like Being in Love,E,David Harrington,Acoustix,David Harrington,Medium,02:00,,,Medium,Maybe the Sun gave me the pow'r …
432,Almost There,F,Aaron Dale,--,Tim Waurick,--,03:06,,,,Ain't got time for dancin' …
13,Always,G,Don Gray/Mark Hale,Michigan Jake,Chris Arnold,Ballad,03:35,2,Musical,Ballad,"Dreams will all come true, growing old with you …"
369,Angel Eyes,Fm,Hal Maples,Crossroads,Tim Waurick,Ballad,02:46,,,Ballad,Doo … Try to think that love's not around …
191,Annie,G,Burt Szabo,--,Kohl Kitzmiller,Ballad,04:04,,,Ballad,The rainbow painted the sky today ...
467,Annie's Song,D,Pete Benson,PLATINUM,Tim Waurick,,02:43,,Country,,"Oooh, oooh ... You fill up my senses ..."
14,"Applause, Applause",F,Don Gray,Interstate Rivals,Shawn Thomas,Uptune,02:04,,,Uptune,"What is it that we’re livin’ for, applause …"
438,As Long As I'm Singin',D,David Wright,Vocal Spectrum,Tim Waurick,--,01:56,,,,dat dat dah dat … As long as I'm singin' …
15,As Time Goes By,D,Walter Latzko,Buffalo Bills,Chris Arnold,Ballad,,,,Ballad,This day and age we’re living in is filled …
16,"At The Close of A Long, Long Day",A,Jim Moore,--,Dealer's Choice,Ballad,,,,Ballad,"When you come to the end of a long, long, day …"
17,B&O Line,Eb,Bob Disney,B & O Connection,--,Uptune,01:44,,,Uptune,"Heading over valleys, arriving on time ..."
293,Baby Shoes,Bb,Lloyd Steinkamp,--,Dealer's Choice,Ballad,,,,Ballad,Imagine the love of a child for its toys ...
18,Back In Business,C,David Wright,Crossroads,Tim Waurick,Uptune,02:35,5,Movie,Uptempo,"Oh, just let the good times roll, let …"
19,Back In The Old Routine,Db,Greg Backwell,Gentlemen's Agreement,DJ Hiner,Medium,,3,Barbershop Classics,Medium,"Remember the days, the old vaudeville craze ..."
386,Be Our Guest,B,Greg Volk,PLATINUM,Tim Waurick,Uptune,02:32,,Disney,,"Be our guest, be our guest …"
20,Being With You,Bb,Steve Delahanty,AHB,Simon Rylander,Uptune,03:03,4,Barbershop Classics,Uptune,I don’t need to be a millionaire! I don't need …
441,Between the Devil and the Deep Blue Sea,F,David Wright,Ringmasters,Tim Waurick,--,03:44,,,,Is there anyone around who cannot see …
370,Between You and the Birds and the Bees and Cupid,G,Aaron Dale,Throwback,Tim Waurick,Uptune,02:13,,,Uptune,"Da, da da … Between you and the birds …"
21,"Bill Bailey, Won't You Please Come Home?",G,Ed Waesche,Second Edition,--,Uptune,02:51,,,Uptune,Ooh ooh ooh ooh … 'Twas on a summer's day …
22,Birth of the Blues,Bb,Roger Payne,BSQ,Tim Brooks,Medium,03:29,4,Standard,Medium,Ya know that I … I asked my pappy and he said …
387,Blackbird,F#,Emanuel Roll,Ringmasters,Emanuel Roll,Medium,03:01,,,,"Bm, Bm, Bm ... Blackbird singing in the ..."
23,Blackbird Medley,G,Gary Parker,Dealer's Choice,Sean Milligan,Uptune,03:08,,,Uptune,Pack up all my cares and woes here I go …
24,Blue Skies,Gb,Clay Hine,Keepsake,Tim Waurick,Uptune,02:16,4,Musical,Uptune,"Blue skies, blue skies are comin’ my way …"
25,Blue Velvet,C,Curt Kimball,Keepsake,Simon Rylander,Ballad,02:57,3,Standard,Ballad,"She wore blue velvet, woh woh who …"
26,"Blue, Turning Grey Over You",C#,David Wright,Jokers Wild,Tim Brooks,Ballad,,,,Ballad,"What will I do for sunshine, with nothing …"
7,Bright Was the Night,Em,David Wright,Gas House Gang,Tim Waurick,Ballad,03:24,4,Barbershop Classics,Ballad,"Saw her standing there, moonbeams in her hair ..."
27,Broadway Rose,G,Dennis Burnett,--,--,Ballad,,2,Musical,Ballad,Just a faded rose in the twilight glow …
382,Brown Eyed Girl,G,Adam Scott,Forefront,Drew Wheaton,Uptune,03:02,2,,Uptune,Doo doo doo … Hey where did we go …
485,Burnin' the Roadhouse Down,A,Aaron Dale,Throwback,Kohl Kitzmiller,,02:31,,Country,,"The time's a wastin', there ain't no messin' …"
463,Bye Bye Love,Ab,Tom Gentry,--,Tim Waurick,,,,,,
286,"Bye Bye, Blues",E,SPEBSQSA,Suntones,Drew Wheaton,Uptune,02:13,,,Uptune,I've been so lonely and blue …
28,"Bye, Bye, Blues",G,Greg Volk,PLATINUM,Sean Milligan,Uptune,02:08,4,,Uptune,I got quite a surprise when I saw you smile …
402,Cabaret,Gb,Larry Wright,--,Larry Wright,,,,Musical,,"Come on chum, it's time for fun ..."
399,California Dreamin',Cm,Joe Johnson,--,Shawn Thomas,,03:12,2,Popular,,California dreamin' on this cold and rainy day …
327,Can You Feel the Love Tonight,Ab,June Dale,--,Sonny Vande Putte,Medium,03:26,2,Disney,Medium,Loo loo loo ... There's a calm surrender
401,Can't Help Falling in Love,F,Jon Nicholas,--,Simon Rylander,Medium,02:48,,,,Wise men say only fools rush in …
29,Careless,Eb,"Warren ""Buzz"" Haeger",PLATINUM,Sean Milligan,Ballad,03:15,,,Ballad,Love was the thing that you wanted …
30,Caroline I'm Coming Back To You,Eb,S. K. Grundy,--,Chuck Greene,Medium,,,,Medium,"Dear old Southland, I hear you call …"
31,Chances Are ,Bb,Greg Volk,Keepsake,Jordan Litz,Ballad,02:27,,,Ballad,"Doo, doo, doo, doo, doo … Chances are 'cause I …"
371,Change the World,E,Deke Sharon/David Wright,--,Tim Waurick,Medium,02:32,,Popular,Medium,Doo doo doo .. If I could reach the stars …
301,Chargoggagoggmanchauggagoggchaubunagungamaugg,G,Walter Latzko,Bluegrass Student Union,Matthew Curtis,Novelty,,,,,There's a lake in Massachusetts …
336,Cheek to Cheek,C,Ed Waesche,--,Tim Waurick,Uptune,02:45,1,,Uptune,Dancing can be so much fun
439,Come Back To Me,F,Aaron Dale,Realtime,Aaron Dale,--,02:57,,,,Da bu dat da … Hear my voice where you are!
378,Come Fly With Me,Eb,Kevin Keller,OC Times,Tim Waurick,Uptune,01:54,4,,Uptune,"Come fly with me, let's fly …"
372,Come Follow the Band,D,Steve Tramack,Tim Waurick,Tim Waurick,Uptune,02:13,,,Uptune,Wah wah wah Come follow me …
59,Come On Get Happy,Bb,John Brockman,Realtime,Tim Waurick,Uptune,01:53,,,Uptune,Hello world hear the song that we're singin' ...
294,"Come, Josephine, In My Flying Machine",Bb,Burt Szabo,--,Dealer's Choice,Uptune,,,,Uptune,"Come Josephine in my flying machine, going up! ..."
32,Consider Yourself,Bb,James Millar,--,--,Medium,,,Musical,Medium,Consider yourself at home …
395,Covid-19 Blues,--,--,--,--,--,,5,,,Remembering those we have lost ...
33,Crazy 'Bout Ya Baby,A,Larry Wright,Revival,Larry Wright,Uptune,,,,Uptune,"Crazy, baby, I'm crazy yessiree …"
34,Crazy Little Thing Called Love,D,Aaron Dale,OC Times,--,Uptune,02:46,4,Popular,Uptune,"Ba ba da … This thing called love, I just …"
35,Creole Cutie,G,Glen Suduth/Bill Busby,--,Tim Brooks,Medium,,2,,Medium,"You’re my creole queen, you treat me so mean ..."
367,Cry,Bb,John von Haden,--,Randy Rogers,Medium,03:01,,,Medium,"Now and then, now and then, when love should ..."
36,Cuddle Up A Little Closer,C,Clay Hine,PLATINUM,Chris Arnold,Uptune,03:12,,,Uptune,I love you; you know I do. You are the one I …
37,Danny Boy,Eb,Renee Craig/Jim Clancy,--,Sean Milligan,Ballad,,,,Ballad,"Oh, Danny boy, the pipes, the pipes are …"
120,Daydream,C,Mel Knight,--,Tim Waurick,Medium,02:25,,,Medium,Ba doo ba doo  ... What a day for a daydream ...
39,"Dayton, Ohio, 1903",G,Nic Nichols,The Ritz,--,Medium,02:42,,,Medium,Bum bum Sing a song of long ago when things ...
40,Dear Hearts and Gentle People,Ab,Bill Mitchell,Boston Common,Daniel Schwartz,Uptune,01:24,,,Uptune,There's a place I'd like to be and it's back …
41,Desperado,G,Jeremy Johnson,The Eagles,Instant Classic,Medium,,,Popular,Medium,Maybe it`s useless to try to explain it; but ...
42,Dinah,Ab,David Wright,Michigan Jake,Sean Milligan,Uptune,04:05,4/5,,Swing,"Carolina, yes Carolina gave me Dinah, oh,  …"
43,Do You Know What It Means To Miss New Orleans,D,Don Gray,--,Tim Brooks,Medium,02:50,,,Medium,"Oh no I never had this kind-a feelin', with …"
44,Do You Remember When?,C,Advanced Arrangers Class,--,--,Medium,,2,Popular,Medium,"Sit back, relax and be our guest …"
10,"Don't Be a Baby, Baby",Ab,Rich Hasty,Gas House Gang,Tim Waurick,Medium,02:26,2,Barbershop Classics,Medium,"Bum Ba Dow Doo, Bum Ba Dow Doo ..."
45,Don't Blame Me,D,Lou Perry,Boston Common,Benjamin Brown,Medium,02:53,2,Barbershop Classics,Medium,Ever since that lucky night I found you …
472,Don't Know Why,Ab,Dan Wessler,After Hours,Tim Beutel,,,,,,
46,Down Where The South Begins,C,Buz Busby,PLATINUM,Tim Waurick,Medium,02:26,,,Medium,"Be it ever so humble, there's no place like …"
47,Down Where the Swanee River Flows,D,Clay Hine,Keepsake,Sean Milligan,Uptune,,,,Uptune,My mem'ries often stray way back to childhood …
519,Dream a Little Dream of Me,B,Kohl Kitzmiller,--,--,,,,,,Doo doo doo … Stars shinin' bright above you …
48,Dream Dear Rock,Bb,,--,--,Medium,,,,Medium,
49,Drivin' Me Crazy,Ab,Bob Disney,OC Times,Tim Waurick,Uptune,01:48,2,Barbershop Classics,Uptune,"With the beat, beat, beat of a heartbeat …"
50,Each Time I Fall In Love,Ab,S. K. Grundy,Sundowners,Tim Brooks,Ballad,,2,Disney,Ballad,They say that all who love are blind …
51,Ebb Tide,C,Freddie King,Oriole Four,Tim Waurick,Ballad,02:50,1,Popular,Ballad,"First, the tide rushes in, plants a kiss on …"
54,Ev'ry Day of My Life,C,Bob Mattes,AHB,Ryan Griffith,Medium,03:53,,,Medium,"Till lovers never kiss, and there’s no …"
322,Every Little Thing She Does is Magic,Eb,Adam Scott,--,Sonny Vande Putte,,,3,,,"ee oh … ah … Oh, I tried before to tell her …"
52,Everybody Loves A Lover,C,Drayton Justice,Gentlemen's Agreement,DJ Hiner,Uptune,,3,Barbershop Classics,Uptune,Bum buh buh … Ev'ry body loves a lover …
528,Everybody Loves Somebody,Ab,Kohl Kitzmiller,--,Kohl Kitzmiller,,02:59,,,,Ev'rybody loves somebody some-time …
53,Everybody Wants To Go To Heaven,Bb,Lou Perry,--,--,Medium,,1,,Medium,There was a little white church in the valley ...
488,Everyone's Wrong But Me,Eb,Kevin Keller,Masterpiece,Tim Waurick,,02:56,,,,When people gossip then I turn away …
389,Everything's Coming Up Roses,Eb,Gary Lewis,Masterpiece,Tim Waurick,Uptune,02:04,5,,Uptune,Things look swell; things look great.
484,Feel It Still,A,Kohl Kitzmiller,Canadian Cold Snaps,Kohl Kitzmiller,,03:24,,Popular,,Doot doot woah oh I'm a rebel just for kicks now …
56,Fit As A Fiddle,Eb,Clay Hine,FRED,Tim Brooks,Uptune,02:51,,,Uptune,Ba bum … I'm feeling okay …
477,Fit as a Fiddle,Eb,Clay Hine,FRED,Shawn Thomas,Uptune,02:20,,,Uptune,Buh bum ba bum I'm feelin' okay …
527,Fit As a Fiddle,E,Clay Hine,FRED,Kohl Kitzmiller,,02:41,,,,Ba bum … I'm feeling okay …
58,Fly Me To The Moon,Bb,Roger Payne,BSQ,Tim Brooks,Uptune,02:39,,,Uptune,"Come fly with me, let's fly, let's …"
483,Fly Me to the Moon,Eb,Kohl Kitzmiller,Kim Newcomb,Kohl Kitzmiller,,02:56,,,,Fly me to the moon and let me play among …
204,For All We Know,G,Lou Perry,--,Tim Waurick,Ballad,03:06,,,Ballad,"Sweetheart, the night is growing old ..."
287,"For Sale, One Broken Heart",C,Val Hicks,Power Play,Tim Waurick,Ballad,03:48,,,Ballad,Our summer plans were set …
337,For Sentimental Reasons,F,Clay Hine,Keepsake,Kohl Kitzmiller,Medium,01:32,,,Medium,I love you
60,Forgive Me,F,Earl Moon,Boston Common,Shawn Thomas,Ballad,03:25,2,Standard,Ballad,"Forgive me, please forgive me, I didn't mean to …"
530,Fortune in Dreams,Eb,Clay Hine,Brouhaha,Kohl Kitzmiller,,03:16,,,,"I gotta tell you … Oh, I don't need diamonds …"
353,Friends,A,David Wright,Ambassadors of Harmony,Tim Waurick,Ballad,03:16,,,Ballad,"Friends, just friends, always friends …"
61,Frog Kissin',A,Dan Wilson/Fraser Brown,Most Happy Fellows,Tim Waurick,Medium,02:07,,,Medium,Do you remember in the fairy tale how the …
62,From the First Hello To The Last Goodbye,F,Lou Perry,Boston Common,Tim Waurick,Ballad,02:48,4,Barbershop Classics,Ballad,"Our song was a song of tomorrow, our hearts …"
491,Fun and Fancy Free,C,Dan Wessler,After Hours,Drew Wheaton,,02:54,,Disney,,"da ba da ba dat da dat da … Fun, fun, fun and …"
323,"Fun, Fun, Fun",A,Aaron Dale,OC Times,Sonny Vande Putte,Uptune,02:28,,,Uptune,Let me tell you now I love you baby ...
63,"Gee, I'm Glad It's Rainin'",B,Jeremy Johnson,IHB,Simon Rylander,Ballad,,,,Ballad,"Doo doo doo doo, Doo doo doo doo, …"
64,Georgia Camp Meeting,Bb,Larry Wright,Suntones,Larry Wright,Uptune,,,,Uptune,Have you heard ...
65,Georgia On My Mind,F#,David Harrington,Forefront,Tim Waurick,Medium,05:31,,,Medium,Melodies bring memories that linger in my ...
393,Get Happy,D,Kohl Kitzmiller,Instant Classic,Kohl Kitzmiller,Spiritual,02:44,,Spiritual,,Hallelujah! … Forget your troubles …
162,Girls Medley (Margie/Nora/Rosie),Ab,Ed Waesche,Bluegrass Student Union,DJ Hiner,Uptune,02:15,,,Uptune,I never thought that I would fall in love with …
66,Give Me A Night In June,Bb,Mark Hale,Michigan Jake,Sean Milligan,Medium,,,,Medium,Give me a night in June beneath the moon …
521,Glory of Love,Bb,Dennis Driscoll,--,,,,,,,"I'm tellin' you that's, that's the story of, …"
379,Go the Distance,C,Aaron Dale,Vocal Spectrum,Tim Waurick,Medium,03:41,5,Disney,Medium,Doo doo doo … I have often dreamed …
513,God Only Knows,A,Clay Hine,--,--,Pop,,,,,"I may not always love you, but long as …"
67,Good Luck Charm ,C,Aaron Dale,OC Times,Tim Waurick,Uptune,01:53,4,,Uptune,"Don’t want a four leaf clover, don't want an old …"
526,Good News,C,Michael Webber,--,Randy Rogers,,03:27,,,,Once upon a time there was a vulture …
68,Good Night,Eb,Rudy Partin,--,--,Ballad,,,,Ballad,May each day of the year be a good day …
69,Good Old Acappella,Eb,David Wright,--,Tim Waurick,Novelty,02:40,,,,Pum puh puh pum pum … shoo bee doo wop …
70,"Goodbye Old Dixie, Goodbye",A,P.G. Kelleher,Dealer's Choice,Tim Waurick,Uptune,01:57,,,Uptune,"Down by the levee, there's a steamboat huffin' …"
340,Goodbye Yellow Brick Road,F,Joe Johnson,--,Tim Waurick,Uptune,03:49,,Popular,Uptune,Doo doo dooo ... When are you gonna come ...
71,"Goodbye, World, Goodbye",E,David Wright,Gas House Gang,Tim Waurick,Spiritual,02:37,3,Spiritual,,I’ve told all my troubles goodbye (goodbye) …
72,Great Day,F,David Harrington,Gas House Gang,Tim Waurick,Spiritual,02:33,,Spiritual,,When skies were dark came Noah’s ark …
383,Grow Old With You,Ab,Aaron Dale,OC Times,Tim Waurick,Medium,01:48,,Movie,Medium,I wanna make you smile whenever …
142,Guilty,C,Scott Kitzmiller,Instant Classic,Instant Classic,Medium,03:57,,,Medium,Baby although ... Though you’ve decided that ...
347,Hallelujah,C,Jay Giallombardo,--,Jay Giallombardo,Medium,,,Spiritual,Medium,oo loo loo .. I heard there was a secret chord ...
408,Hallelujah I Love Her So,C,Aaron Dale,A Mighty Wind,Tim Waurick,Uptune,03:00,,,Uptune,"Uh, Listen up ..."
536,Hang on Little Tomato,C,Eric Ruthenberg,--,Tony DeRosa,,03:08,,,,The sun has left and forgotten me …
351,Happy,Fm,Adam Scott,--,Antoine Kaiserman,Uptune,,3,,Uptune,"Daht, daht, daht … It might seem crazy …"
512,Happy Together,Gm,David Wright,The Turtles,Tim Waurick,Pop,,,,,"So happy, together"
74,Hard-Hearted Hannah,Eb,Gene Cokeroft,Suntones,--,Medium,,,,Medium,"In old Savannah, I said Savannah, the weather ..."
75,Have a Little Talk With Myself,F,Gary Parker,Dealer's Choice,Sean Milligan,Novelty,02:35,4,Popular,,Lately I have noticed all my friends avoiding …
318,Have a Little Talk With Myself,F,Gary Parker,Dealer's Choice,Tim Waurick,Novelty,02:35,4,Popular,,Lately I have noticed all my friends avoiding ...
76,Heart Of A Clown,C,Lloyd Steinkamp,Western Continentals,Tim Brooks,Ballad,02:34,,,Ballad,"Call me a fool, call me a clown, ev'ryone …"
77,Hello My Baby,F,David Harrington,Second Edition,Ryan Griffith,Uptune,02:16,,,Uptune,"Hello my baby, Hello, my honey, hello my …"
78,"Hello, Mary Lou",Bb,David Wright,--,DJ Hiner,Uptune,01:46,1,,Uptune,"Passed me by one summer day, flashed those big ..."
411,Here's That Rainy Day,C,Tom Parker,--,Tim Waurick,--,02:21,,,,Doo doo doo … Maybe I should have saved …
79,"Hey, Good Lookin'",C,David Wright,Michigan Jake,Sean Milligan,Uptune,04:03,4,,Uptune,"Just got a dose of wild desire, look what …"
110,"Hey, Good Lookin'",C,David Wright,Michigan Jake,Tim Waurick,Uptune,03:30,4,,Uptune,"Just got a dose of wild desire, look what …"
523,Home on the Range,Bb,Jim Clancy,Vocal Majority,Gary Lewis,,,,,,"Oh, give me a home where the buffalo roam …"
80,How High The Moon,Bb,Mark Hale,Nightlife,Tim Waurick,Medium,03:33,4,,Medium,Until I fell in love my life was very easy …
409,How Lucky You Are,F,Patrick McAlexander,Kohl Kitzmiller,Kohl Kitzmiller,--,02:29,,,,"Days can be cloudy, and you may be …"
81,How's Every Little Thing in Dixie,D,Al Rehkop,Gentlemen's Agreement,--,Uptune,02:06,,,Uptune,There`s no place on earth like the place of my ...
82,"I Can Dream, Can't I?",Eb,Ed Waesche,Bluegrass Student Union,Tim Brooks,Ballad,03:22,4,,Ballad,"Oo, oh why can't my dreams come true? …"
448,"I Can Dream, Can't I?",Eb,Ed Waesche,Bluegrass Student Union,Tim Waurick,Ballad,03:31,4,,Ballad,"Ooo Oh, why can't my dreams come true?"
489,I Can't Believe That You're in Love With Me,C,Kohl Kitzmiller,Pratt Street Power,Kohl Kitzmiller,,02:49,,,,"Yesterday you came my way, and when you …"
83,I Can't Give You Anything But Love,Ab,Clay Hine,PLATINUM,Jordan Litz,Uptune,03:05,,,Uptune,"Gee, it’s so tough ‘cause I’m buh-roke, babe. …"
339,"I Can't Give You Anything But Love, Baby",G,David Harrington,Ringmasters,David Harrington,Uptune,03:27,,,Uptune,Now that it's your birthday
84,I Didn't Want To Fall,F,Joe Liles/Val Hicks,--,--,Uptune,02:44,2,,Uptune,"Could it be, could it happen, golly gee, ..."
85,I Don't Mind Being All Alone,Bb,George Hulst,--,--,Medium,,,,Medium,"I used to be so sentimental, I couldn`t bear ..."
86,I Double Dare You,Ab,Tom Gentil,--,Dealer's Choice,Uptune,,,,Uptune,"I dare you, I dare you, I double, double dare ..."
87,I Feel a Song Comin' On,Eb,Larry Triplett,--,Simon Rylander,Uptune,01:26,,,Uptune,Sing a song loud and strong and you never will …
88,I Found A Million Dollar Baby,Ab,Ed Waesche/Bill Mitchell/Rob Hopkins,Marquis,--,Medium,03:16,,,Medium,Love comes along like a popular song …
89,I Got Rhythm,Gm,Walter Latzko,Bluegrass Student Union,Chris Arnold,Uptune,02:50,,,Uptune,Days can be sunny with never a sigh …
282,I Got Rhythm,Gm,Walter Latzko,Bluegrass Student Union,Tim Waurick,Uptune,02:56,,,Uptune,Days can be sunny with never a sigh ...
492,I Heard it Through the Grapevine,G#m,Aaron Dale,Musical Island Boys,Aaron Dale,,03:16,,Popular,,Doo doo doo … I bet you wondered how I knew …
319,I Love a Piano,F,Greg Volk,Keepsake,Drew Wheaton,Uptune,03:02,,,Uptune,As a child I went wild when the ...
384,I Love Being Here With You,G,Aaron Dale,Ringmasters,Tim Waurick,,02:30,5,,,"I know, I know, I know I love you ..."
537,I Love Jazz Medley,Bb,David Wright,Vocal Spectrum,Tim Waurick,,02:55,,,,Let's go down to the land of jazz …
90,I Never Knew/You Were Meant For Me,G,Renee Craig,Vocal Majority,Tim Brooks,Uptune,02:32,,,Uptune,Oh I can't sleep and I can't eat I never knew …
91,I Told Them All About You/You Dear Medley,Bb,Ed Waesche,BSU,Tim Waurick,Uptune,02:04,,,Uptune,"It’s true, dear, I love but you, dear. That's …"
92,I Wanna Be Around,Db,Jay Giallombardo,Rounders,Sean Milligan,Medium,02:54,,,Medium,Wouldn't you know that it would …
93,"I Want You, I Need You, I Love You",Db,Aaron Dale,OC Times,Tim Waurick,Medium,03:22,4,,Medium,Someday I know you'll be my own …
55,I Will Go Sailing No More,G,Rich Hasty,OC Times,Tim Waurick,Ballad,03:12,3,Disney,Ballad,Out among the stars I sailed. Way beyond the ...
299,I Will Go Sailing No More,G,Rich Hasty,OC Times,Randy Rogers,Ballad,03:12,3,Disney,Ballad,Out among the stars I sailed. Way beyond the ...
95,I Will Never Pass This Way Again,C,Clay Hine,--,Tim Brooks,Ballad,,,,Ballad,Doo doo doo ... I will pass this way but once ...
96,I Wish You Love,Gm,Larry Triplett,AHB,Jordan Litz,Uptune,02:58,,,Uptune,"Goodbye, no use leading with our chins …"
98,I Woke Up This Mornin' Feelin' Fine,F,Mosie Lister,--,--,Spiritual,01:43,,Spiritual,,I woke up this morning feeling fine …
106,I'll be A Song And Dance Man Again,C,Val Hicks,--,--,Medium,,,,Medium,"Let me have my hat, let me have my cane ..."
107,I'll Be Waitin' For the Evening Train,F,J. Rae Jamison,--,--,Medium,,,,Medium,"Choo-choo, chug, chug: I’ll be waitin’ …"
108,I'll Fly Away,Ab,Don Gray,Keepsake,Sean Milligan,Spiritual,02:04,,Spiritual,,"Some glad morning when my life is o'er, I'll …"
111,I'm Alone Because I Love You,G,Lou Perry,Boston Common,Sean Milligan,Ballad,02:39,,,Ballad,All the friends that I knew and gave up for …
112,I'm Beginning To See The Light,G,Marshall Webb,PLATINUM,Sean Milligan,Uptune,02:09,,,Uptune,Ba do ba doot bye ya doo bop …
446,I'm Beginning to See the Light,G,Marshall Webb,PLATINUM,Drew Wheaton,Uptune,02:18,,,Uptune,Ba doo ba doot … I never cared much for …
511,I'm Beginning to See the Light,A,Rob Hopkins,--,Chris Arnold,,,,,,
113,I'm Beginning to See the Light/Bye Bye Blues,A,Clay Hine,--,--,Medium,,,,Medium,I never knew how the sun could shine …
343,I'm Feelin' Fine,F,Joe Liles,--,Tim Waurick,Spiritual,01:42,2,Spiritual,,"Well, I woke up this morning …"
114,I'm Going Back to Carolina,C,Gene Cokeroft,Suntones,Tim Brooks,Uptune,01:14,,,Uptune,"I'm goin' back, back, back to Carolina …"
115,I'm Gonna Live Till I Die,Fm,Greg Volk,Keepsake,Simon Rylander,Uptune,01:29,,,Uptune,I’m gonna live ‘till I die. I'm gonna laugh …
116,I'm Gonna Sit Right Down and Write Myself a Letter,Bb,Jim Kahlke,--,Tim Waurick,Medium,02:05,,,Medium,"The mailman passes by, and I just wonder why …"
117,I'm Looking Over A Four Leaf Clover,Bb,Ed Waesche,Acoustix,Tim Waurick,Uptune,02:42,3,,Uptune,"There's a little shamrock, that the Irish say …"
118,I'm My Own Grandpa,Gb,Brian Beck,Dealer's Choice,Sean Milligan,Novelty,03:27,1,Popular,Uptempo,For those of you who like to study genealogy ...
119,I'm Sittin' On Top of the World,F,Boston Consort,Boston Consort,DJ Hiner,Uptune,01:48,1,,Uptune,Doom-bah doom-bah …Doot doo doo …I'm …
475,I'm Still Standing,A,Melody Hine,--,Kim Newcomb/Kohl Kitzmiller,,,,Popular,,Dm tsm dm tsm ... You could never know ...
388,I'm Walkin',A,Aaron Dale,OC Times,Tim Waurick,Uptune,01:58,,,Uptune,Since you' done gone away I' been lonely ev'ry …
132,I've Been Workin' On The Railroad,Bb,Roger Payne,Power Play,Sean Milligan,Uptune,01:57,,,Uptune,Hello neighbor welcome aboard (all aboard) …
302,I've Got the World on a String,F,Adam Reimnitz,Three Men and a Melody,Tim Waurick,Uptune,03:12,4,,Uptune,I'm sitting on top of the world …
99,If,F,Larry Triplett,--,Tim Waurick,Ballad,02:32,,,Ballad,Doo doo doo doo … If a picture paints a …
495,If I Didn't Have You,G,Cay Outerbridge,Newfangled Four,Kohl Kitzmiller,,02:53,,Disney,,Ba doo ba duh … If I were a rich man …
435,If I Give My Heart To You,D,Jim Clancy,Vocal Majority,,--,04:30,,,,Ooh … Should I give my heart to you my …
524,If I Had My Way,Am,David Harrington,Gotcha!,Tim Waurick,,03:08,,,,I used to be the first one to cry …
100,If I Love Again,Ab,Katie Farrell,Louisville Times,Sean Milligan,Ballad,03:18,2,,Ballad,I often wonder why you came to me …
101,If I Only Had A Brain,F,Clay Hine,Four Voices,Tim Brooks,Medium,04:22,,Movie,Medium,"I’m a simple guy, some say I'm not so smart …"
493,If I Only Had a Brain,F,Clay Hine,Four Voices,Tim Waurick,Medium,04:22,,Movie,Medium,"I'm a simple guy, some say I'm not so smart …"
443,If the Devil Danced (In Empty Pockets),Ab,Michael Webber,Kohl Kitzmiller,Kohl Kitzmiller,,02:32,,,,A nine-foot grand and a ten-piece band …
102,If The Lord Be Willin',B,Mark Smith,LSHB,Steve DeCrow,Uptune,,,,Uptune,If the Lord be willin' and the creek don't rise …
103,If There'd Never Been An Ireland,Eb,Lou Perry,--,--,Ballad,,,,Ballad,Compared with other countrys Ireland`s a ...
104,If There's Anybody Here From My Home Town,Bb,Ardeth Fullmer,--,DJ Hiner,Medium,,2,,Medium,If there's anybody here from out of town …
105,If We Can't Be The Same Old Sweethearts,E,Carl Dahlke,Auto Towners / Vagabonds,Instant Classic,Ballad,,,,Ballad,"Sweethearts no more, just friends ever more, ..."
474,"If You Love Me, Really Love Me",C,David Wright,--,Tim Waurick,,,,,,
121,Imagination,Eb,Lou Perry,Boston Common,Jordan Litz,Ballad,02:47,,,Ballad,"Imagination is funny, it makes a cloudy day …"
373,"In the Cool, Cool, Cool of the Evening",G,Gene Cokeroft,State Line Grocery,Tim Waurick,Medium,01:53,,,Medium,If you arrive at the bash a bit before I do …
122,In The Wee Small Hours of the Morning,F,Walter Latzko,Marquis,Tim Brooks,Ballad,03:27,,,Ballad,Ooo … In the wee small hours of the morning …
123,Indiana,G,Ed Waesche,Yesteryear,Tim Brooks,Ballad,03:13,,,Ballad,I have always been a wand'rer over land and …
124,Is This Just Another Song About Love,Eb,Bob Disney,Keepsake,Drew Wheaton,Ballad,03:22,,,Ballad,Is this just another song about love? …
397,Isn't She Lovely,Bb,Mike Menefee,--,Drew Wheaton,Uptune,02:08,4,,Uptune,Daht daht dah buh ... Isn't she lovely …
125,Isn't This a Lovely Day (To be Caught in the Rain),G,Dylan Oxford,State Line Grocery,Tim Brooks,Medium,03:18,,,Medium,"The weather is fright'ning, the thunder and …"
126,It Had To Be You,G,Ed Waesche/Earl Moon,--,DJ Hiner,Medium,,,,Medium,Why do I do just as you say …
433,It Had To Be You,Ab,Kevin Keller,--,Tim Waurick,--,02:45,,,,Why do I do just as you say?
127,It Happened In Monterrey,G,John Brockman,OC Times,Tim Waurick,Medium,03:08,,,Medium,"Sweet romance, I gave it a chance, down south …"
329,It Happened in Monterrey,G,John Brockman,OC Times,Sonny Vande Putte,Medium,03:08,,,Medium,"Sweet romance, I gave it a chance, down south …"
128,It Is Well With My Soul,F,David Harrington,--,--,Spiritual,02:49,,Spiritual,,When peace like a river attendeth my way …
129,It's a Brand New Day,Eb,Bob Disney,Four Voices,Tim Waurick,Uptune,01:16,1,,Uptune,"It’s a brand new day, and we're here …"
349,It's a Good Day,Ab,Val Hicks,Boston Common,Tim Waurick,Uptune,01:49,,,Uptune,Yes it's a good day for singin' a song
267,It's A Most Unusual Day,F,Walter Latzko,Suntones,Drew Wheaton,Uptune,03:11,,,Uptune,I woke up singing this morning ...
345,It's a Pity to Say Goodnight,F,Rasmus Krigstrom,--,Tim Waurick,Medium,03:10,,,Medium,"Summer in the city, what's not ..."
130,It's All Right,Bb,Jeremy Johnson,Huey Lewis & The News,Tony DeRosa,Medium,03:11,,,Medium,"Bum buh bow bow (oo oo), bum buh …"
131,It's Only A Paper Moon ,G,Clay Hine,PLATINUM,Sean Milligan,Uptune,02:21,1,,Uptune,"You're all o' the world to me, my love …"
133,Jazz Me Blues,Eb,Joe Johnson,High Definition,Tim Waurick,Uptune,03:16,,,Uptune,Down in Lou'siana in the southern clime …
135,Jezebel,C,Walter Latzko,Suntones,Tim Waurick,Novelty,03:15,,,,"Bum bub-der um bum, bum bum bum … Jezebel …"
136,Just A Cottage Small,D,Al Rehkop,Second Edition,Tim Waurick,Ballad,03:59,,,Ballad,When you've wandered alone on the highway …
137,Just In Time,D,Dave Briner,PLATINUM,Tim Waurick,Uptune,01:46,3,Musical,Uptune,"Oh, well, Well I don't mean maybe, 'cause …"
138,Just One Of Those Things,Ab,Joni Bescos,Bluegrass Student Union,Tim Waurick,Uptune,02:02,,,Uptune,"It was just one of those things, just one of …"
152,L-O-V-E,Bb,Larry Triplett,AHB,Jordan Litz,Uptune,02:39,,,Uptune,Our love is so exciting it's vibrant …
139,"Last Night on the Back Porch, I Loved Her Best of All",Bb,Gay Notes,Keepsake,Tim Brooks,Uptune,02:15,,,Uptune,There’s a girl I’m wild about …
140,Lazy,F,Alan Siegal,AHB,Simon Rylander,Medium,02:19,,,Medium,Every time I see a puppy upon a summer’s …
141,Lazy Day,F,David Wright,Gas House Gang,Tim Waurick,Uptune,03:03,4,,Uptune,"Bah bah bah bah … Blue skies, sunshine …"
144,Lazybones,F,David Wright,Four Voices,Tim Brooks,Medium,04:23,,,Medium,Long as there is chicken gravy on your rice …
317,Lazybones,F,David Wright,Four Voices,Tim Waurick,Medium,04:23,,,Medium,Long as there is chicken gravy on your rice ...
145,Let Me Sing and I'm Happy,C,Alan Siegal,AHB,Simon Rylander,Uptune,02:49,,,Uptune,What care I who makes the laws of a nation ...
146,Let's Burn Up The Town,C,Tony Nasto,Men In Black,Tim Waurick,Uptune,,,,Uptune,"When there's a lot on your mind, you need a ..."
147,Let's Do It (Let's Fall in Love),D,John Brockman,The Crush,Tim Waurick,Uptune,02:42,,,Uptune,"When the little bluebird, who has never said a …"
518,Let's Live it Up,Bb,Aaron Dale,Vocal Spectrum,Aaron Dale,Pop,,,,,Ba da ba …You only go around once on this …
476,Let's Start the New Year Right/Auld Lang Syne Medley,F,Bryan Ziegler,After Hours,Shawn Thomas,,02:29,,,,"One minute to midnight, one minute to go …"
148,Liar Medley,B,Renee Craig,Gas House Gang,Simon Rylander,Uptune,02:32,,,Uptune,"My mother used to say, ""Fabrications never … "" …"
292,Lies,F,Mac Huff,--,Dealer's Choice,Uptune,,,,Uptune,Gone are all of my love dreams ...
437,Like I'm Gonna Lose You,A,Jeremy Johnson,PDX Voices,Rhett Roberts,--,03:37,,,,Bah bah dah bah dop … I found myself dreamin'
149,Little Girl,G,Lou Perry,Boston Common,Shawn Thomas,Ballad,03:36,,,Ballad,I’m glad that God made little girls …
150,Little Pal,Ab,Lou Perry,Four Rascals,DJ Hiner,Ballad,03:52,,,Ballad,"Little pal, if daddy goes away, promise you`ll ..."
344,Looking at the World Through Rose Colored Glasses,F,David Wright,Chiefs of Staff,Tim Waurick,Uptune,02:19,,,Uptune,"Oh! What a day, Mister Sunshine!"
415,Lost in the Stars,Ab,"Warren ""Buzz"" Haeger",Keepsake,Tim Waurick,--,04:08,,,,Oo oo … Before Lord God made the sea …
151,Louise,Ab,David Wright,Michigan Jake,Sean Milligan,Uptune,02:51,,,Uptune,"Innocent, you're so innocent, and as gentle as …"
316,Love Letters,F,Steve Delahanty,Lemon Squeezy,Tim Waurick,Ballad,03:36,,,Ballad,The sky may be starless ...
153,Love Me,Ab,Aaron Dale,OC Times,Tim Waurick,Uptune,03:25,4,,Uptune,"My broken heart, you tore it apart, now I …"
154,"Love Me, and the World is Mine",Eb,David Wright,Ringmasters,Tim Waurick,Ballad,03:41,,,Ballad,"I wander on as in a dream, a dream of paradise …"
156,Love's Old Sweet Song,C,Clay Hine,FRED,Tim Brooks,Ballad,03:13,,,Ballad,Star light an’ romance an’ music in the air …
155,Lover Come Back,G,Ed Waesche,Revival,Sean Milligan,Ballad,,3,,Ballad,"You went away, I let you, we broke …"
520,Lovin' Touchin' Squeezin',F,Dan Wessler,--,,Pop,,,,,"Doot doo doot …You make me weep, and wanna …"
158,Lullaby In Ragtime,G,Bill Mitchell,Boston Common,Chris Arnold,Medium,02:30,2,,Medium,Do Do Do Won't you play …
157,Lullabye (Goodnight My Angel),Ab,Kirk Young,Gas House Gang,Tim Waurick,Ballad,03:56,,Popular,Ballad,"Do do, do do do do do do … Goodnight …"
159,Ma! She's Makin' Eyes At Me,C,Mo Rector,Chiefs of Staff,Tim Waurick,Uptune,02:24,,,Uptune,Here's a story 'bout a bashful mama's boy …
160,Make 'Em Laugh,D,Clay Hine,Keepsake,Tim Waurick,Uptune,02:12,,,Uptune,Listen now (listen now) one an' all (one an' …
161,Mam'selle,G,Tom Sando,Vocal Spectrum,Tim Waurick,Ballad,02:34,,,Ballad,"A small café, Mam’selle, a rendezvous …"
350,Man of Constant Sorrow,F,Aaron Dale,--,Kohl Kitzmiller,Spiritual,01:58,,Spiritual,,In constant sorrow all through his days …
522,Many Tears Ago,C,Michael Webber,--,Michael Webber,,,,,,Doo ba ba doo … They said your cheatin' heart …
377,Mary Won't Marry Me,C,John von Haden,--,Kohl Kitzmiller,Uptune,02:52,,,Uptune,Oh I've been savin' ...
163,Mary's Only In My Dreams,C,Eddie Prior,--,--,Medium,,,,Medium,I have met a lotta girls …
490,May I Never Love Again,E,Renee Craig,Keepsake,Kohl Kitzmiller,,03:15,,,,"Oh, my love, can't you see you mean all …"
164,Midnight Serenade,G,David Wright,Realtime,Shawn Thomas,Uptune,02:20,,,Uptune,Pah pah puh doo pah … shoo bee doo …
468,Midnight Serenade,G,David Wright,Realtime,Kohl Kitzmiller,Uptune,02:20,,,Uptune,Pah pah puh doo pah … shoo bee doo …
97,Mona Lisa,C,Greg Volk,Keepsake,Jordan Litz,Ballad,03:42,,,Ballad,In a villa in a little old Italian town ...
165,Mona Lisa,C,Greg Volk,Keepsake,Tim Brooks,Ballad,03:42,,,Ballad,In a villa in a little old Italian town …
497,"Monday, Monday",F#,Jay Giallombardo,The Mamas and the Papas,Tim Waurick,Pop,03:22,,,,"Ba dah ba da dah dah … Monday, Monday …"
403,Moondance,Gm,Marshall Webb,Max Q,Tim Waurick,Medium,03:14,,,,Well it's a marvelous night for a moondance …
374,Moonlight Becomes You,Ab,Ed Waesche,Power Play,Tim Waurick,Ballad,03:00,1,Movie,Ballad,"Stand there just a moment, darling …"
166,Moonlight Brings Memories of You,B,Jay Giallombardo,Keepsake,Simon Rylander,Ballad,02:54,,,Ballad,Moonlight brings memories of you. I remember …
167,Mr. Sandman/Dream Medley,C,Steve Jamison,--,--,Medium,,,,Medium,
449,Mr. Success,Bb,John Brockman,The Crush,Jordan Litz,,03:18,,,,"I love you, I need you, I want you by my side …"
352,My Cup Runneth Over With Love,Eb,Ardeth Fullmer,Most Happy Fellows,Tim Waurick,Ballad,02:57,2,,Ballad,Doo doo doo … Sometimes in the morning …
168,My Honey's Lovin' Arms,Ab,Don Gray,Bluegrass Student Union,Tim Waurick,Uptune,01:59,4,,Uptune,Ba ba ba bum ba bum … I love your lovin' arms …
169,My Ideal,F,Mark Hale,Michigan Jake,Simon Rylander,Ballad,03:19,,,Ballad,Long ago my heart and mind got together …
331,My Lady Loves to Dance,Bb,Bob Dowma,Happiness Emporium,Randy Rogers,Uptune,,,,Uptune,Right from the start she won my heart …
170,My Mother's Eyes,Eb,Renee Craig,Uptown Sound,Sean Milligan,Ballad,03:15,,,Ballad,Back in childhood days I can remember …
171,My Old Kentucky Home,F,Matt Troy/David Harrington,Crescendo,Tim Brooks,Ballad,,,,Ballad,Oh the sun shines bright on my old Kentucky Home …
277,My Wild Irish Rose,Bb,Don Gray,Roaring Twenties,--,Ballad,,2,,Ballad,"You may sing of your roses, which by other ..."
172,Naughty Angeline,C,Mark Hale,Revival,Jordan Litz,Uptune,03:25,,,Uptune,"Naughty baby, naughty, naughty baby …"
173,Nice Work If You Can Get It,Bb,Ed Waesche,BSQ,Tim Brooks,Uptune,02:21,4,,Uptune,"Take a minute mister, and take a second sister …"
464,Nice Work If You Can Get It,Bb,Ed Waesche,BSQ,Drew Wheaton,Uptune,02:21,4,,Uptune,"Take a minute mister, and take a second sister …"
174,No More Sorrow,Bb,Shelton Kilby,Gas House Gang,Tim Waurick,Spiritual,02:50,,Spiritual,,Hallelujah! There'll be no more sorrow …
338,"No, No, Nora",F,Clay Hine,Four Voices,Tim Waurick,Uptune,02:28,,,Uptune,In the apartment above me
175,Nobody's Sweetheart Now,G,Tom Gentry,Interstate Rivals,--,Uptune,02:56,,,Uptune,"Farewell, Bye bye, ain't it a shame, you're …"
176,North Carolina Is My Home,F,Ed Waesche,--,--,Ballad,,,,Ballad,"North Carolina is my home, here where the ..."
325,O Love That Will Not Let Me Go,C,David Phelps,Gaither Vocal Band,Tim Waurick,Spiritual,,,Spiritual,,O love that will not let me go ...
348,"Ob-La-Di, Ob-La-Da",Bb,Mark Hale,Gas House Gang,Tim Waurick,Uptune,03:39,,,Uptune,Ding 'n ding ding ... doo doo doo ... Desmond has
354,Ode to Joy,Bb,Liz Garnett,--,Thorsten Engels,,,,,,"Freude, schöner Götterfunken, ..."
268,Oh! Look At Me Now!,F,Aaron Dale,OC Times,Tim Waurick,Uptune,02:20,,,Uptune,Never was a romance man ...
177,Old Cape Cod,Ab,Larry Wright,Chiefs of Staff,Tim Brooks,Ballad,02:26,,,Ballad,Church bells chiming on a Sunday morn’ …
178,Old Folks,F,"Warren ""Buzz"" Haeger",Four Renegades,--,Ballad,,,,Ballad,Everyone knows him as Old Folks …
179,Old Folks At Home,Eb,Clay Hine,FRED,Tim Brooks,Ballad,03:38,,,Ballad,"Way down upon the Sewanee River, far, far away…"
180,Old St. Louie,F,David Wright,--,--,Medium,,,,Medium,"Old St. Louie, you and I sittin` on the levee ..."
406,On the Other End of a Kiss,Bb,Steve Hardy,St. Croix Crossing,Randy Rogers,,,,,,If you know how to give me a glow …
303,On the Street Where You Live,Eb,David Wright,Vocal Spectrum,Tim Waurick,Ballad,04:59,4,,Ballad,Darling there's the tree you run to …
181,Once Upon A Time,D,Rob Campbell,Keepsake,Tim Brooks,Ballad,03:41,,,Ballad,Everything was ours (was ours) we were so happy …
182,One For My Baby,G,Roger Payne,State Line Grocery,Tim Brooks,Medium,03:54,4,,Medium,"It’s quarter to three, there's no one in the …"
346,One More Last Chance,Db,Aaron Dale,OC Times,Kohl Kitzmiller,Uptune,02:28,,,Uptune,Ba na no na … She was standin' at the …
183,One Note Samba,Bb,Larry Wright,Realtime,Simon Rylander,Medium,02:02,,,Medium,This is just a little samba built upon a …
184,Operator,G,Ed Waesche,--,Tim Brooks,Spiritual,,,Spiritual,,"Operator, give me information. Information ..."
185,Orange Colored Sky,C,Greg Volk,Acoustix,Tim Waurick,Uptune,02:58,,,Uptune,Ca-rashin' and-uh bangin' and-uh Alakazam …
186,Over The Rainbow,Eb,Ed Waesche,Second Edition,Tim Brooks,Ballad,03:54,,Movie,Ballad,When all the world is a hopeless jumble …
187,Paddlin' Madelin' Home,Eb,Dennis Driscoll,--,Dealer's Choice,Uptune,,,,Uptune,If you could canoe a canoe …
188,Paper Doll,F,Lou Perry,Classic Collection,Tim Brooks,Medium,02:39,,,Medium,I guess I`ve had a million dolls or more ...
478,Paralyzed,E,Brian Mastrull,Prime Time,Tim Waurick,,03:04,,,,"Couldn't walk, couldn't talk, tried to flirt ..."
189,Peg O' My Heart,C,Ed Waesche,Bluegrass Student Union,Tim Brooks,Medium,02:21,4,,Medium,"Oh, my heart’s in a whirl over one little girl …"
304,Philadelphia Freedom,Ab,Jeremy Johnson,Three Men and a Melody,Kohl Kitzmiller,Medium,03:20,,,Medium,"Doo doo … Well, I used to be a rolling …"
190,Please Don't Talk About Me When I'm Gone,Eb,Ed Waesche,Bluegrass Student Union,Tim Waurick,Uptune,02:49,,,Uptune,Now the time has come to say goodbye. …
193,Polka Dots and Moonbeams,F,John Bober,Power Play,Tim Waurick,Medium,02:23,,,Medium,Doo doo doo doo doo … Would you care to hear …
194,Put Your Head On My Shoulder,F,Aaron Dale,OC Times,Tim Waurick,Medium,04:23,,,Medium,As the evening hours grow ever so near …
396,Puttin' on the Ritz,Bbm,Larry Wright,Most Happy Fellows,Tim Waurick,Uptune,02:33,,,Uptune,"High hats, collars, white spats an' dollars …"
195,Rain,C,Greg Lyne,--,Dealer's Choice,Uptune,,,,Uptune,We used to sing songs about sunshine ...
196,Redhead,Ab,Ed Waesche/Jim Clancy,Vocal Majority,Tim Brooks,Uptune,03:18,,,Uptune,I'll stand and shout so there's no doubt …
192,Rhythm of Love,Ab,Deke Sharon/David Wright,--,Tim Waurick,Medium,03:03,,,Medium,Dih doot doot doo ... My head is stuck
375,Ride the Chariot,G,SPEBSQSA,--,Tim Waurick,Spiritual,01:50,,Spiritual,,I'm gonna ride Ride in the chariot in the …
197,Ride The Railroad Tonight,Bb,Bob Disney,B & O Connection,--,Uptune,02:29,,,Uptune,"Huffin’, puffin’ steamin’, dreamin’ …"
333,Ring Out the Bells in Dixieland,A,Renee Craig,Gentlemen's Agreement,Tim Waurick,Uptune,02:15,,,Uptune,"Ring, ring, ring"
198,Ro-Ro-Rollin' Along,C,Russ Foris,--,Dealer's Choice,Uptune,,,,Uptune,I love to listen to the whippoorwill ...
320,Rock It For Me,F,Aaron Dale,Pratt Street Power,Tim Waurick,Uptune,02:29,,,Uptune,Di gi du … a-Listen to the beat ...
295,Roses Bring Dreams of You,C,Jack Baird,--,Dealer's Choice,Ballad,,,,Ballad,Our love was like a rose ...
486,Roses of Picardy,Am,Lou Perry,Keepsake,Tim Waurick,,02:58,,,,"She is watching by the poplar, Colinette with …"
407,Route 66,G,Dan Wessler,After Hours,Tim Waurick,,02:48,,,,Doo doo doo … If you ever plan to motor west …
471,Route 66,G,Dan Wessler,After Hours,Dan Wessler,,02:48,,,,Doo doo doo … If you ever plan to motor west …
199,Royal Garden Blues,G,David Wright,Gotcha!,Sean Milligan,Uptune,04:05,,,Uptune,"No use a-talk-in, no use a-talk-in, you'll start …"
324,Royal Garden Blues,Bb,Greg Volk,Keepsake,Sonny Vande Putte,Uptune,03:06,,,Uptune,Dm ba doo dm ba .. Hon don'tcha hear the trombone
390,Royal Garden Blues,A,Greg Volk,Keepsake,Tim Waurick,Uptune,03:29,,,Uptune,"Dm ba doo dm ba .. Hon, don't you hear the …"
200,San Francisco Bay Blues,Bb,Denis Murphy,--,Tim Brooks,Uptune,,,,Uptune,Da da da ... I got the blues when my baby left ...
201,Satin Doll,C,Peter Beers,Nightlife,Tim Waurick,Medium,02:12,,,Medium,"Doo doo, doo doo doo … cigarette holder …"
296,Save Your Sorrow,Db,Ed Waesche,--,Dealer's Choice,Medium,,,,Medium,Save Your sorrow for tomorrow ...
202,Sentimental Gentleman From Georgia,Am,Ed Waesche,Revival,Tim Brooks,Uptune,02:11,2,,Uptune,"Ba dum dum dum dum … hey hey, no doubt …"
305,Seven Bridges Road,Dm,Jeremy Johnson,Forefront,Sonny Vande Putte,Uptune,03:43,3,Popular,Uptune,There are stars in the Southern sky.
442,Seven Bridges Road,Dm,Jeremy Johnson,Forefront,Kohl Kitzmiller,Uptune,03:43,3,Popular,Uptune,There are stars in the Southern sky.
306,She Didn't Say No,Bb,Val Hicks,The Crush,Tim Waurick,Uptune,04:20,,,Uptune,Listen now you gotta hear a story …
203,Shine,B,David Wright,Gas House Gang,Sean Milligan,Uptune,03:21,3,,Uptune,"Oh, shine, shine! For just one dime …"
288,Show Me Where the Good Times Are,Db,Dot Short & Gene Cokeroft,Suntones,Jordan Litz,Uptune,02:44,2,,Uptune,Come on and show me where the good times …
205,Side By Side,Eb,Tom Gentry,Power Play,Sean Milligan,Uptune,02:26,,,Uptune,"Travlin' along, singin' a song, come along for …"
206,Since I Don't Have You,Gb,Aaron Dale,Kentucky Vocal Union,Aaron Dale,Medium,,5,,Medium,Yi di dip Since you`ve gone I`m blue livin` ...
496,Sing Me That Song Again,Eb,Ed Waesche,Round Midnight,Tim Waurick,Ballad,02:42,,,,I love to hear the old songs that my mother …
207,Singin' In The Bathtub,F,Roger Payne,Yes Indeed,Simon Rylander,Novelty,02:01,,,,Ain’t bath time a grand time for singin’ …
94,Sir Duke,Bb,Rob Hopkins,The Allies,Tim Waurick,Uptune,02:55,,,Uptune,Bm bm bm bm bm bm buh duh duh buh duh duh dm ...
404,"Sit Down, You're Rockin' the Boat",Am,David Wright,Gas House Gang,Tim Waurick,Uptune,03:14,4,Musical,Mixed Tempos, I dreamed last night I got on the boat to heaven 
208,Slap That Bass,Eb,Walter Latzko,Bluegrass Student Union,Tim Brooks,Medium,02:32,,,Medium,"Zoom zoom, zoom zoom, the world is in a mess …"
209,Smile,G,Tom Gentry,New Tradition,Tim Brooks,Ballad,,,,Ballad,"When your world is turned around, why not ..."
307,Smile Medley: Smile Darn Ya Smile/Powder Your Face With Sunshine,Dm,Clay Hine,Max Q,Tim Waurick,Uptune,02:48,,,Uptune,Whenever grey skies come your way …
210,Smilin' Through,E,Lou Perry/Ed Waesche,PLATINUM,Tim Brooks,Ballad,04:49,,,Ballad,Here's a story of love fond and true …
211,Sold (The Grundy County Auction Incident),A,Aaron Dale,OC Times,Tim Waurick,Uptune,02:20,3,Country,Uptune,Well dm pu pu dm (da va da dat) … Well I went …
321,Some Lucky Day,Gb,Greg Volk,Gas House Gang,Drew Wheaton,Uptune,02:52,,,Uptune,Lucky Day! I'm just chasin' ...
212,Somebody Knows,Bb,David Wright,Michigan Jake,Sean Milligan,Uptune,03:07,,,Uptune,Let me have your ear for just a moment …
213,Somebody Loves Me,Em,Clay Hine,Max Q,Tim Waurick,Uptune,03:41,,,Uptune,"When this world began, it was heaven’s plan …"
214,Somethin' About Ya,Ab,Joe Liles,Gotcha!,Tim Waurick,Uptune,02:29,,,Uptune,I was rollin' along on the road of life …
531,Song for Emily (As Long As I Got You),G,Eric Ruthenberg,Three and a Half Men,Tim Waurick,,03:11,,,,"As long as I got, as long as I got …"
297,South,F,Gene Cokeroft and Matt Gallagher,Suntones,Drew Wheaton,Uptune,02:20,,,Uptune,Down below that old Dixon line …
215,South Rampart Street Parade,A,David Wright,Jokers Wild,Tim Waurick,Uptune,03:39,4,,Uptune,Do you hear the beat away down the street …
376,Stand By Me,F,Steve Tramack,--,Tim Waurick,Medium,,,,Medium,Dm ba da da ... When the night has come
216,Stardust,C,Walter Latzko,Bluegrass Student Union,Shawn Thomas,Ballad,04:00,,,Ballad,And now the purple dusk of twilight time …
218,Stars Fell On Alabama,C,David Wright,Jokers Wild,Jordan Litz,Ballad,04:02,,,Ballad,"Moonlight and magnolia, dancing starlight …"
431,Steppin' Out With My Baby,Eb,Clay Hine,Max Q,Instant Classic,--,02:54,,,,
220,Stormy Weather,Bb,Brian Doepke,Flipside,--,Ballad,02:55,,,Ballad,Doo doo doo doo … Don't know why there's no …
221,Strike Up The Band/Alexander's Ragtime Band,Bb,David Harrington,Gas House Gang,Instant Classic,Uptune,02:46,,,Uptune,Let the drums roll out ...
482,Sugar,Db,Wayne Grimmer,Instant Classic,Kohl Kitzmiller,,04:03,,Popular,,"Ooooh … I'm hurtin' baby, I'm broken down ..."
223,Sugar Medley,G,Walter Latzko,Bluegrass Student Union,Simon Rylander,Medium,04:11,,,Medium,"When my sugar walks down the street, all …"
222,Sugarcane Jubilee,Bb,"Ozzie Westley/Warren ""Buzz"" Haeger",--,--,Uptune,,,,Uptune,Come along to the sugarcane jubilee …
224,Sweet Georgia Brown,Em,Ed Waesche,Second Edition,Tim Waurick,Medium,02:22,2,,Medium,She just got here yesterday. Things are hot here …
225,Sweet Hour Of Prayer,G,Jim Clancy,Vocal Majority,--,Spiritual,04:00,,Spiritual,,"Ooh ooh ooh ooh … sweet hour of prayer, sweet …"
226,Sweet Lorraine,A,David Wright,Michigan Jake,Tim Waurick,Uptune,03:45,,,Uptune,"Everything is set, skies are blue, can't believe …"
227,Swing Low/Swing Down Chariot,G,The Imperials/Ken Gibson,The Vagabonds,Tim Waurick,Spiritual,02:56,,Spiritual,,"Swing low (swing low) sweet chariot , comin' …"
228,"Take Me Home, Country Roads",Ab,Renee Craig,Max Q,Shawn Thomas,Uptune,02:12,,,Uptune,Country roads take me home to the place ...
330,"Take me home, Country Roads",Ab,Renee Craig,Max Q,Sonny Vande Putte,Uptune,02:12,,,Uptune,"Country roads, take me home ..."
229,Take Your Girlie To The Movies/Cuddle Up A Little Closer,C,Don Clause,--,--,Uptune,,,,Uptune,Take your girlie to the movies if you can’t …
385,Taking a Chance on Love,G,Jay Giallombardo,Power Play,Jake Waghorn,,02:35,,,,I thought love's game was over …
400,Taking a Chance on Love,Db,Ed Waesche,--,Tim Waurick,Medium,,2,,Medium,I thought love's game was over; Lady Luck …
230,Tangerine,F,Mark Hale,Michigan Jake,Tim Waurick,Medium,03:22,4,,Medium,"South American stories, they tell of a girl …"
533,Tell All the World About You,Bb,Kyle Snook,Trademark,Kohl Kitzmiller,,02:34,,,,"Tell 'em all, … Can't keep you to myself …"
231,Ten Feet Off the Ground,Ab,Val Hicks,Boston Common,--,Medium,01:53,,Disney,Medium,Who invented music? We'd like to shake his …
232,That Old Black Magic,F,Bill Wyatt,Suntones,Shawn Thomas,Medium,02:24,,,Medium,Bum bum bum bum … That old black magic has me …
332,That Old Feeling,F,David Wright,PLATINUM,Tim Waurick,Ballad,04:44,,,Ballad,Last night I started out happy …
394,That Old Quartet of Mine,G,Lou Perry,Boston Common,Tim Waurick,Ballad,03:49,4,,Ballad,"Sitting by the fireside, watching embers softly …"
392,That's a Plenty,C#m,Brian Beck,Saturday Evening Post,Tim Waurick,Uptune,02:25,,,Uptune,Oh! Oh! Oh! That's a Plenty's got a beat in it;
233,That's An Irish Lullaby,Eb,Ed Waesche,Acoustix,Tim Waurick,Ballad,03:26,2,,Ballad,"Over in Kilarney many years ago, my mother …"
234,That's Life,F,Roger Payne,Hotshots,Chris Arnold,Medium,03:12,,,Medium,Tryin’ and vyin’ and sighin’ and cryin’ …
445,That's Life,G,Kevin Keller,Men In Black,Tim Waurick,,03:14,,,,Tha-at's life! That's what people say …
334,The Bare Necessities,Dm,Tom Gentry,Storm Front,Tim Waurick,Uptune,02:39,,Disney,Uptune,Has worry got you down
235,The Bells Song,Bb,Clay Hine,FRED,--,Novelty,,,,,
236,The Best Times I Ever Had,Bb,Larry Wright,139th Street Quartet,Larry Wright,Uptune,02:37,,,Uptune,As I recall when I was a lad ...
237,"The Cop on the Beat, The Man in the Moon, and Me",Eb,Freddie King,BSQ,Ryan Griffith,Medium,02:40,,,Medium,"Ev’ning shadows fall, when the day is flown …"
238,The Darktown Strutters Ball,Bb,Ed Waesche,Second Edition,Sean Milligan,Uptune,02:08,,,Uptune,"Buh, bum, bum, I’ve got some good news …"
239,The Glory of Love,G,Clay Hine,State Line Grocery,Tim Brooks,Uptune,02:28,,,Uptune,"Storms were made to be weathered, an' clouds …"
73,The Halls of Ivy,Ab,SPEBSQSA,--,--,Medium,,,,Medium,Graduation day is near …
240,The Moment I Saw Your Eyes,C,Joe Liles,Gas House Gang,Tim Waurick,Uptune,01:58,4,,Uptune,Never really tho`t it could happen to a guy ...
241,The Nearness Of You,G,Rob Hopkins,Uptown Sound,Chris Arnold,Ballad,04:23,,Movie,Ballad,Why do I just wither and forget all resistance …
242,The Old Covered Bridge,G,Burt Szabo,--,Dealer's Choice,Ballad,,,,Ballad,Would you like to see my treasure of golden …
243,The One I Love Belongs To Somebody Else,G,Clay Hine,Four Voices,Tim Brooks,Medium,04:09,,,Medium,"I'm unhappy, so unhappy, for I can see the one I …"
244,The Original Dixieland One-Step,G,David Wright,Jokers Wild,Tim Brooks,Uptune,,,,Uptune,"Hey Pop, Say Pop ..."
245,The Star Spangled Banner,C,Val Hicks,--,--,Patriotic,,,Patriotic,,"Oh, say! Can you see, by the dawn's early …"
246,The Sweetheart of Sigma Chi,Bb,SPEBSQSA,--,--,Ballad,,,,Ballad,"When the world goes wrong, as it’s bound to do …"
534,The Sweetheart of Sigma Chi,G,Dave Richards,--,Tim Waurick,,02:58,,,,"When the world goes wrong, as it's bound …"
247,The Trail of the Lonesome Pine,Bb,Dave Briner,--,Dealer's Choice,Ballad,,,,Ballad,How I pray she is waiting for me …
381,The Very Thought of You,B,Adam Reimnitz,The Sound of the Rockies,Tim Waurick,Ballad,05:25,4,,Ballad,Oo oh oo The very thought of you …
217,The Way We Were,Eb,Brian Beck,OC Times,Tim Waurick,Ballad,03:32,,,Ballad,Mem'ries light the corners of my mind ...
248,The Way You Look Tonight,Eb,Mark Hale,PLATINUM,Tim Brooks,Ballad,03:40,4,,Ballad,The night is new my dear sweetheart …
342,Their Hearts Were Full of Spring,A,Dick Reynolds,Four Freshmen,Tim Waurick,Ballad,03:05,,,Ballad,Doo doo dooo ... There's a story told ...
465,"Theme from ""New York, New York""",F,Dan Wessler,After Hours,Tim Waurick,,02:48,,,,Da da ... da da ... Start spreadin' the news ...
436,There Goes My Heart,Bb,Ed Waesche,--,Tim Waurick,--,02:35,,,,"Somebody's happy, somebody's blue …"
249,There's A Brand New Gang On The Corner,G,Gene Cokeroft,Keepsake,Tim Waurick,Ballad,03:21,,,Ballad,There’s a brand new gang on the corner …
250,They Say It's Wonderful,Ab,Katie Farrell,Rounders,Sean Milligan,Ballad,,1,,Ballad,Rumors fly and you can't tell where they …
313,This Could Be the Start of Something Big,Eb,Scott Kitzmiller,Instant Classic,Kohl Kitzmiller,Uptune,02:13,,,Uptune,You're walkin' along the street ...
252,This Is All I Ask,F,"Warren ""Buzz"" Haeger",Four Renegades,Larry Wright,Ballad,,,,Ballad,As I approach the prime of my life ...
253,This is the Moment,Eb,Fred King/Jeff Oxley,Acoustix,Ryan Griffith,Ballad,03:25,,,Ballad,"This is the moment, this is the time …"
254,This Little Light Of Mine,Bb,Val Hicks,Toronto Northern Lights,Chris Arnold,Spiritual,02:17,,Spiritual,,"Let it shine, let it shine, let it shine, oh let …"
255,This Little Piggy Went To Market,Ab,Ed Waesche,Bluegrass Student Union,--,Ballad,02:49,,,Ballad,I remember many dear old love songs …
256,Tie Me To Your Apron Strings Again,A,Judy Jamison,Rural Route Four,--,Ballad,,,,Ballad,Like a kid who stays away from school ...
532,Till There Was You,E,Robert Rund,--,Tim Waurick,,03:41,,,,Finding your love is not just a game …
308,"Tonight, Tonight",G,Jay Giallombardo,Acoustix,Tim Waurick,Uptune,02:16,,Musical,Uptune,"Doo doo … Tonight, tonight won't be …"
257,Too Marvelous For Words,Bb,Mark Hale,Michigan Jake,Sean Milligan,Uptune,03:04,,,Uptune,I search for phrases to sing your praises …
326,Turn the Beat Around,C,Deke Sharon/Anne Raugh,--,Sonny Vande Putte,Uptune,,,,Uptune,
447,"Two of a Kind, Workin' on a Full House",D,Aaron Dale,Throwback,Tim Waurick,,02:18,,,,"Hey, she's my lady luck, an' I'm her wild card …"
143,Up A Lazy River,F,Tom Gentry,Marquis,DJ Hiner,Medium,01:58,,,Medium,"Blue skies up above, ev`ryone`s in love ..."
466,Up On the Roof,Ab,Brent Graham,--,Ken Hatton,,,,,,
434,Wagon Wheel,A,Aaron Dale,OC Times,Kohl Kitzmiller,--,03:10,,,,Dow nu now nu now …
258,Waitin' For the Robert E. Lee,C,Larry Wright,Revival,Larry Wright,Uptune,02:13,,,Uptune,When darkness falls those voices beckon me …
259,Walkin' My Baby Back Home,Bb,Val Hicks,Boston Common,Shawn Thomas,Medium,03:00,,,Medium,"I‘ve got a wonderful baby, she tells me …"
398,Wayfaring Stranger,Dm,Nathan Johnston,Double Date,Double Date,Uptune,03:02,,,Uptune,"Woah, woah … I am a poor wayfarin' stranger …"
494,We've Got a World That Swings,F,Grant Goldstein,--,Kohl Kitzmiller,Uptune,,,,,Doo dat ba dat dat … Up at dawn and sleepy …
260,Wedding Bells,C,Alan Siegal,AHB,Tim Waurick,Medium,03:02,,,Medium,Ev’ry day’s a wedding day …
440,Weekend in New England,C,Don Gray,Vocal Spectrum,Sonny Vande Putte,--,03:19,,,,Last night I said goodbye. Now it seems years.
309,What a Wonderful World,Ab,Bob Long,OC Times,Simon Rylander,Ballad,03:06,1,,Ballad,"I see trees of green, red roses too …"
261,What'll I Do,D,Ed Waesche,PLATINUM,Tim Waurick,Ballad,03:39,2,,Ballad,Gone is the romance that was so divine. 'Twas …
310,What's He Tellin' Helen,C,Walter Latzko,Bluegrass Student Union,Kohl Kitzmiller,Novelty,02:08,,,,Helen Morgan is my girl ...
262,When I Fall In Love,Eb,Jay Giallombardo,Marquis,Tim Waurick,Ballad,04:03,2,,Ballad,"Maybe I'm old fashioned, feeling as I do …"
263,When I Lift Up My Head,F,David Wright,Nightlife,Tim Waurick,Spiritual,01:39,3,Spiritual,,"Well, when I’m down, when I'm down and out …"
311,When I Look in Your Eyes,Bm,Larry Wright,Gas House Gang,Sonny Vande Putte,Ballad,03:09,,,Ballad,"Those eyes so wise, so warm, so real …"
264,When It Comes To Lovin' the Girls/They're All Sweeties Medley,G,Greg Lyne/Ed Waesche,Acoustix,Tim Waurick,Uptune,02:56,,,Uptune,"You’ve seen lovers, love sick lovers fall …"
266,When My Baby Smiles At Me,Ab,Mark Hale,Michigan Jake,Tim Waurick,Uptune,02:43,,,Uptune,"My baby’s eyes are blue, they’re blue …"
335,When She Loved Me,Ab,Jim Kahlke,--,Tim Waurick,Ballad,04:17,2,Disney,Ballad,Doo doo dooo ... When somebody loved me ...
269,When There's Love At Home,Ab,Mel Knight,Power Play,Tim Brooks,Ballad,03:19,,,Ballad,"Be it ever so humble, there's no place like home …"
270,When You Look In the Heart Of A Rose,Eb,Greg Lyne,Classic Collection,--,Ballad,,,,Ballad,This little rose has a story to tell. ...
271,Where Everybody Knows Your Name (Cheers Theme),Bb,Eric Ruthenberg,Concord MA,Randy Rogers,Medium,,1/2,Television,Medium,Do do do … Making your way in the world today ...
272,Where The Southern Roses Grow,B,David Wright,Gas House Gang,Ryan Griffith,Ballad,03:17,,,Ballad,Where the ev'ning sun is setting in the …
273,Who Told You,G,Lou Perry,Boston Common,--,Medium,01:51,,,Medium,Won't ya tell me darlin' who told you I found …
274,Who`ll Dry Your Tears,C,Dennis Driscoll,--,--,Ballad,,2,,Ballad,When love has gone and mem`ries linger on ...
275,Who`ll Take My Place (When I`m Gone),C,Greg Lyne,Dealer's Choice,--,Ballad,,,,Ballad,"Ev`rything must have an end, or so the poets ..."
498,Why Don't We Just Dance,F,Aaron Dale,OC Times,,,,,,,Ba ba ba ba … Baby why don't we just turn …
276,Why Don't You Fall In Love With Me/Undecided Medley,D,Clay Hine,PLATINUM,Tim Waurick,Uptune,02:45,,,Uptune,"Honey doll, make up your mind, sweetie dear …"
529,Why Try to Change Me Now?,Bb,Cay Outerbridge,Gotham,Tim Waurick,,03:18,,,,"Loo loo loo … woah … I'm sentimental, so I …"
134,With a Song in My Heart (8 part),Eb,Jim Henry/Renee Craig,--,Tim Waurick,Ballad,01:45,3,,Ballad,"With a song in my heart, I behold your ..."
450,Wonderful One,Eb,Bob Bohn,Boston Common,Tim Waurick,,03:44,,,,"Calling, calling, dear. Loved one, can't you …"
278,Wrap Your Troubles In Dreams,C,Mark Hale,Michigan Jake,Tim Waurick,Medium,02:14,,,Medium,Ba dap ba dap … When skies are cloudy an' grey …
279,Yes Indeed,G,Earl Moon,Sidewinders,Tim Waurick,Spiritual,02:24,1,Spiritual,,"You will shout when it hits you yes, indeed …"
280,"Yes Sir, That's My Baby",E,David Wright,Four Voices,Tim Waurick,Uptune,03:17,,,Uptune,"Well, ain’t she fine! My, oh my, that gal's so …"
291,Yesterday,F,Tom Gentry,--,--,Ballad,,,,Ballad,"Oh, Yesterday …"
312,Yesterday I Heard the Rain,Eb,Brent Graham,Realtime,Tim Waurick,Ballad,04:14,,,Ballad,You've gone away from me …
281,You Brought A New Kind Of Love To Me,Ab,Larry Triplett,Wheelhouse,Tim Waurick,Uptune,02:34,,,Uptune,"Say there, sweet one, (sweet one) fairer than …"
298,You Can Fly,F,Clay Hine,Max Q,Tim Waurick,Uptune,02:42,,Disney,Uptune,Think of a wonderful thought …
283,You Make Me Feel So Young,C,Mark Hale,Michigan Jake,Sean Milligan,Medium,03:22,,,Medium,Do I seem as cheerful as a schoolboy playing …
535,You Make Me Feel So Young,C,Mark Hale,Michigan Jake,Tim Waurick,,03:24,,,,Do I seem as cheerful as a schoolboy playing …
219,You Took Advantage Of Me,Db,Aaron Dale,The Crush,Tim Waurick,Uptune,02:31,4,,Uptune,Ya caught me! Ya taught me! ...
414,You're a Heavenly Thing,Bb,Dan Wessler,After Hours,Tim Waurick,--,02:22,,,,"Baby you stole this heart of mine, and just …"
289,You're Nobody Till Somebody Loves You,Ab,Greg Volk,Excalibur,Sean Milligan,Uptune,02:43,,,Uptune,Everybody’s lookin’ for some kind of …
57,"You're Sixteen, You're Beautiful",D,Aaron Dale,OC Times,Tim Waurick,Uptune,02:09,2,Popular,Uptune,"You come on like a dream, peaches and cream, ..."
284,Your First Day in Heaven,C,Aaron Dale,Crossroads,Tim Waurick,Spiritual,01:48,4,Spiritual,,Ba da dat da da dat da da ba da ba da da Well …
285,Your Mother Should Know Medley,Gm,Greg Volk,Excalibur,Tim Brooks,Uptune,03:25,,,Uptune,Let's all get up and dance to a song ...
290,Zing! Went the Strings of My Heart,Eb,Renee Craig,Jokers Wild,Tim Waurick,Uptune,02:59,,,Uptune,"I never could carry a tune, never knew where …"
